filename|oai_dc:dc.dc:subject.0|oai_dc:dc.dc:subject.1|oai_dc:dc@xmlns:dc|oai_dc:dc@xmlns:oai_dc|oai_dc:dc@xmlns:xsi|oai_dc:dc@xsi:schemaLocation|oai_dc:dcdc:coverage|oai_dc:dcdc:creator|oai_dc:dcdc:date|oai_dc:dcdc:description|oai_dc:dcdc:format|oai_dc:dcdc:identifier|oai_dc:dcdc:language|oai_dc:dcdc:publisher|oai_dc:dcdc:relation|oai_dc:dcdc:rights|oai_dc:dcdc:title|oai_dc:dcdc:type
g2002.xml|Catalogs, college|University of Tennessee, Knoxville|http://purl.org/dc/elements/1.1/|http://www.openarchives.org/OAI/2.0/oai_dc/|http://www.w3.org/2001/XMLSchema-instance|http://www.openarchives.org/OAI/2.0/oai_dc/ http://www.openarchives.org/OAI/2.0/oai_dc.xsd|2002-2003|University of Tennessee (Knoxville campus)|2002|Graduate catalog for the University of Tennessee, Knoxville; includes course descriptions, University requirements, degree requirements, and academic policies.|Application/pdf|http://diglib.lib.utk.edu/dlc/catalog/g2002.htm|en|University of Tennessee, Knoxville|Requires Adobe Acrobat Reader free from http://www.adobe.com/|Digital Image Copyright (c) 2004. The University of Tennessee Libraries. All Rights Reserved. Permission to use, copy, modify, and distribute these materials for educational, research, and not-for-profit purposes, without fee and without a signed licensing agreement, is hereby granted, provided that the above copyright notice and this paragraph appear in all copies, modifications, and distributions. For commercial license to use contact, University of Tennessee Libraries, Office of the Dean, Permissions, 1015 Volunteer Boulevard, Knoxville, TN 37996-1000.|Graduate Catalog|Text
u1991.xml|Catalogs, college|University of Tennessee, Knoxville|http://purl.org/dc/elements/1.1/|http://www.openarchives.org/OAI/2.0/oai_dc/|http://www.w3.org/2001/XMLSchema-instance|http://www.openarchives.org/OAI/2.0/oai_dc/ http://www.openarchives.org/OAI/2.0/oai_dc.xsd|1991-1992|University of Tennessee (Knoxville campus)|1991|Undergraduate catalog for the University of Tennessee, Knoxville; includes course descriptions, University requirements, degree requirements, and academic policies.|Application/pdf|http://diglib.lib.utk.edu/dlc/catalog/u1991.htm|en|University of Tennessee, Knoxville|Requires Adobe Acrobat Reader free from http://www.adobe.com/|Digital Image Copyright (c) 2008. The University of Tennessee Libraries. All Rights Reserved. Permission to use, copy, modify, and distribute these materials for educational, research, and not-for-profit purposes, without fee and without a signed licensing agreement, is hereby granted, provided that the above copyright notice and this paragraph appear in all copies, modifications, and distributions. For commercial license to use contact, University of Tennessee Libraries, Office of the Dean, Permissions, 1015 Volunteer Boulevard, Knoxville, TN 37996-1000.|Undergraduate Catalog|Text
u1985.xml|Catalogs, college|University of Tennessee, Knoxville|http://purl.org/dc/elements/1.1/|http://www.openarchives.org/OAI/2.0/oai_dc/|http://www.w3.org/2001/XMLSchema-instance|http://www.openarchives.org/OAI/2.0/oai_dc/ http://www.openarchives.org/OAI/2.0/oai_dc.xsd|1985-1986|University of Tennessee (Knoxville campus)|1985|Undergraduate catalog for the University of Tennessee, Knoxville; includes course descriptions, University requirements, degree requirements, and academic policies.|Application/pdf|http://diglib.lib.utk.edu/dlc/catalog/u1985.htm|en|University of Tennessee, Knoxville|Requires Adobe Acrobat Reader free from http://www.adobe.com/|Digital Image Copyright (c) 2007. The University of Tennessee Libraries. All Rights Reserved. Permission to use, copy, modify, and distribute these materials for educational, research, and not-for-profit purposes, without fee and without a signed licensing agreement, is hereby granted, provided that the above copyright notice and this paragraph appear in all copies, modifications, and distributions. For commercial license to use contact, University of Tennessee Libraries, Office of the Dean, Permissions, 1015 Volunteer Boulevard, Knoxville, TN 37996-1000.|Undergraduate Catalog|Text
u1984.xml|Catalogs, college|University of Tennessee, Knoxville|http://purl.org/dc/elements/1.1/|http://www.openarchives.org/OAI/2.0/oai_dc/|http://www.w3.org/2001/XMLSchema-instance|http://www.openarchives.org/OAI/2.0/oai_dc/ http://www.openarchives.org/OAI/2.0/oai_dc.xsd|1984-1985|University of Tennessee (Knoxville campus)|1984|Undergraduate catalog for the University of Tennessee, Knoxville; includes course descriptions, University requirements, degree requirements, and academic policies.|Application/pdf|http://diglib.lib.utk.edu/dlc/catalog/u1984.htm|en|University of Tennessee, Knoxville|Requires Adobe Acrobat Reader free from http://www.adobe.com/|Digital Image Copyright (c) 2007. The University of Tennessee Libraries. All Rights Reserved. Permission to use, copy, modify, and distribute these materials for educational, research, and not-for-profit purposes, without fee and without a signed licensing agreement, is hereby granted, provided that the above copyright notice and this paragraph appear in all copies, modifications, and distributions. For commercial license to use contact, University of Tennessee Libraries, Office of the Dean, Permissions, 1015 Volunteer Boulevard, Knoxville, TN 37996-1000.|Undergraduate Catalog|Text
u1990.xml|Catalogs, college|University of Tennessee, Knoxville|http://purl.org/dc/elements/1.1/|http://www.openarchives.org/OAI/2.0/oai_dc/|http://www.w3.org/2001/XMLSchema-instance|http://www.openarchives.org/OAI/2.0/oai_dc/ http://www.openarchives.org/OAI/2.0/oai_dc.xsd|1990-1991|University of Tennessee (Knoxville campus)|1990|Undergraduate catalog for the University of Tennessee, Knoxville; includes course descriptions, University requirements, degree requirements, and academic policies.|Application/pdf|http://diglib.lib.utk.edu/dlc/catalog/u1990.htm|en|University of Tennessee, Knoxville|Requires Adobe Acrobat Reader free from http://www.adobe.com/|Digital Image Copyright (c) 2008. The University of Tennessee Libraries. All Rights Reserved. Permission to use, copy, modify, and distribute these materials for educational, research, and not-for-profit purposes, without fee and without a signed licensing agreement, is hereby granted, provided that the above copyright notice and this paragraph appear in all copies, modifications, and distributions. For commercial license to use contact, University of Tennessee Libraries, Office of the Dean, Permissions, 1015 Volunteer Boulevard, Knoxville, TN 37996-1000.|Undergraduate Catalog|Text
g2003.xml|Catalogs, college|University of Tennessee, Knoxville|http://purl.org/dc/elements/1.1/|http://www.openarchives.org/OAI/2.0/oai_dc/|http://www.w3.org/2001/XMLSchema-instance|http://www.openarchives.org/OAI/2.0/oai_dc/ http://www.openarchives.org/OAI/2.0/oai_dc.xsd|2003-2004|University of Tennessee (Knoxville campus)|2003|Graduate catalog for the University of Tennessee, Knoxville; includes course descriptions, University requirements, degree requirements, and academic policies.|Application/pdf|http://diglib.lib.utk.edu/dlc/catalog/g2003.htm|en|University of Tennessee, Knoxville|Requires Adobe Acrobat Reader free from http://www.adobe.com/|Digital Image Copyright (c) 2004. The University of Tennessee Libraries. All Rights Reserved. Permission to use, copy, modify, and distribute these materials for educational, research, and not-for-profit purposes, without fee and without a signed licensing agreement, is hereby granted, provided that the above copyright notice and this paragraph appear in all copies, modifications, and distributions. For commercial license to use contact, University of Tennessee Libraries, Office of the Dean, Permissions, 1015 Volunteer Boulevard, Knoxville, TN 37996-1000.|Graduate Catalog|Text
g2001.xml|Catalogs, college|University of Tennessee, Knoxville|http://purl.org/dc/elements/1.1/|http://www.openarchives.org/OAI/2.0/oai_dc/|http://www.w3.org/2001/XMLSchema-instance|http://www.openarchives.org/OAI/2.0/oai_dc/ http://www.openarchives.org/OAI/2.0/oai_dc.xsd|2001-2002|University of Tennessee (Knoxville campus)|2001|Graduate catalog for the University of Tennessee, Knoxville; includes course descriptions, University requirements, degree requirements, and academic policies.|Application/pdf|http://diglib.lib.utk.edu/dlc/catalog/g2001.htm|en|University of Tennessee, Knoxville|Requires Adobe Acrobat Reader free from http://www.adobe.com/|Digital Image Copyright (c) 2004. The University of Tennessee Libraries. All Rights Reserved. Permission to use, copy, modify, and distribute these materials for educational, research, and not-for-profit purposes, without fee and without a signed licensing agreement, is hereby granted, provided that the above copyright notice and this paragraph appear in all copies, modifications, and distributions. For commercial license to use contact, University of Tennessee Libraries, Office of the Dean, Permissions, 1015 Volunteer Boulevard, Knoxville, TN 37996-1000.|Graduate Catalog|Text
u1979.xml|Catalogs, college|University of Tennessee, Knoxville|http://purl.org/dc/elements/1.1/|http://www.openarchives.org/OAI/2.0/oai_dc/|http://www.w3.org/2001/XMLSchema-instance|http://www.openarchives.org/OAI/2.0/oai_dc/ http://www.openarchives.org/OAI/2.0/oai_dc.xsd|1979-1980|University of Tennessee (Knoxville campus)|1979|Undergraduate catalog for the University of Tennessee, Knoxville; includes course descriptions, University requirements, degree requirements, and academic policies.|Application/pdf|http://diglib.lib.utk.edu/dlc/catalog/u1979.htm|en|University of Tennessee, Knoxville|Requires Adobe Acrobat Reader free from http://www.adobe.com/|Digital Image Copyright (c) 2007. The University of Tennessee Libraries. All Rights Reserved. Permission to use, copy, modify, and distribute these materials for educational, research, and not-for-profit purposes, without fee and without a signed licensing agreement, is hereby granted, provided that the above copyright notice and this paragraph appear in all copies, modifications, and distributions. For commercial license to use contact, University of Tennessee Libraries, Office of the Dean, Permissions, 1015 Volunteer Boulevard, Knoxville, TN 37996-1000.|Undergraduate Catalog|Text
u1992.xml|Catalogs, college|University of Tennessee, Knoxville|http://purl.org/dc/elements/1.1/|http://www.openarchives.org/OAI/2.0/oai_dc/|http://www.w3.org/2001/XMLSchema-instance|http://www.openarchives.org/OAI/2.0/oai_dc/ http://www.openarchives.org/OAI/2.0/oai_dc.xsd|1992-1993|University of Tennessee (Knoxville campus)|1992|Undergraduate catalog for the University of Tennessee, Knoxville; includes course descriptions, University requirements, degree requirements, and academic policies.|Application/pdf|http://diglib.lib.utk.edu/dlc/catalog/u1992.htm|en|University of Tennessee, Knoxville|Requires Adobe Acrobat Reader free from http://www.adobe.com/|Digital Image Copyright (c) 2008. The University of Tennessee Libraries. All Rights Reserved. Permission to use, copy, modify, and distribute these materials for educational, research, and not-for-profit purposes, without fee and without a signed licensing agreement, is hereby granted, provided that the above copyright notice and this paragraph appear in all copies, modifications, and distributions. For commercial license to use contact, University of Tennessee Libraries, Office of the Dean, Permissions, 1015 Volunteer Boulevard, Knoxville, TN 37996-1000.|Undergraduate Catalog|Text
u1993.xml|Catalogs, college|University of Tennessee, Knoxville|http://purl.org/dc/elements/1.1/|http://www.openarchives.org/OAI/2.0/oai_dc/|http://www.w3.org/2001/XMLSchema-instance|http://www.openarchives.org/OAI/2.0/oai_dc/ http://www.openarchives.org/OAI/2.0/oai_dc.xsd|1993-1994|University of Tennessee (Knoxville campus)|1993|Undergraduate catalog for the University of Tennessee, Knoxville; includes course descriptions, University requirements, degree requirements, and academic policies.|Application/pdf|http://diglib.lib.utk.edu/dlc/catalog/u1993.htm|en|University of Tennessee, Knoxville|Requires Adobe Acrobat Reader free from http://www.adobe.com/|Digital Image Copyright (c) 2008. The University of Tennessee Libraries. All Rights Reserved. Permission to use, copy, modify, and distribute these materials for educational, research, and not-for-profit purposes, without fee and without a signed licensing agreement, is hereby granted, provided that the above copyright notice and this paragraph appear in all copies, modifications, and distributions. For commercial license to use contact, University of Tennessee Libraries, Office of the Dean, Permissions, 1015 Volunteer Boulevard, Knoxville, TN 37996-1000.|Undergraduate Catalog|Text
u1978.xml|Catalogs, college|University of Tennessee, Knoxville|http://purl.org/dc/elements/1.1/|http://www.openarchives.org/OAI/2.0/oai_dc/|http://www.w3.org/2001/XMLSchema-instance|http://www.openarchives.org/OAI/2.0/oai_dc/ http://www.openarchives.org/OAI/2.0/oai_dc.xsd|1978-1979|University of Tennessee (Knoxville campus)|1978|Undergraduate catalog for the University of Tennessee, Knoxville; includes course descriptions, University requirements, degree requirements, and academic policies.|Application/pdf|http://diglib.lib.utk.edu/dlc/catalog/u1978.htm|en|University of Tennessee, Knoxville|Requires Adobe Acrobat Reader free from http://www.adobe.com/|Digital Image Copyright (c) 2007. The University of Tennessee Libraries. All Rights Reserved. Permission to use, copy, modify, and distribute these materials for educational, research, and not-for-profit purposes, without fee and without a signed licensing agreement, is hereby granted, provided that the above copyright notice and this paragraph appear in all copies, modifications, and distributions. For commercial license to use contact, University of Tennessee Libraries, Office of the Dean, Permissions, 1015 Volunteer Boulevard, Knoxville, TN 37996-1000.|Undergraduate Catalog|Text
g2000.xml|Catalogs, college|University of Tennessee, Knoxville|http://purl.org/dc/elements/1.1/|http://www.openarchives.org/OAI/2.0/oai_dc/|http://www.w3.org/2001/XMLSchema-instance|http://www.openarchives.org/OAI/2.0/oai_dc/ http://www.openarchives.org/OAI/2.0/oai_dc.xsd|2000-2001|University of Tennessee (Knoxville campus)|2000|Graduate catalog for the University of Tennessee, Knoxville; includes course descriptions, University requirements, degree requirements, and academic policies.|Application/pdf|http://diglib.lib.utk.edu/dlc/catalog/g2000.htm|en|University of Tennessee, Knoxville|Requires Adobe Acrobat Reader free from http://www.adobe.com/|Digital Image Copyright (c) 2004. The University of Tennessee Libraries. All Rights Reserved. Permission to use, copy, modify, and distribute these materials for educational, research, and not-for-profit purposes, without fee and without a signed licensing agreement, is hereby granted, provided that the above copyright notice and this paragraph appear in all copies, modifications, and distributions. For commercial license to use contact, University of Tennessee Libraries, Office of the Dean, Permissions, 1015 Volunteer Boulevard, Knoxville, TN 37996-1000.|Graduate Catalog|Text
u1986-87.xml|Catalogs, college|University of Tennessee, Knoxville|http://purl.org/dc/elements/1.1/|http://www.openarchives.org/OAI/2.0/oai_dc/|http://www.w3.org/2001/XMLSchema-instance|http://www.openarchives.org/OAI/2.0/oai_dc/ http://www.openarchives.org/OAI/2.0/oai_dc.xsd|1986-1988|University of Tennessee (Knoxville campus)|1986|Undergraduate catalog for the University of Tennessee, Knoxville; includes course descriptions, University requirements, degree requirements, and academic policies.|Application/pdf|http://diglib.lib.utk.edu/dlc/catalog/u1986-87.htm|en|University of Tennessee, Knoxville|Requires Adobe Acrobat Reader free from http://www.adobe.com/|Digital Image Copyright (c) 2008. The University of Tennessee Libraries. All Rights Reserved. Permission to use, copy, modify, and distribute these materials for educational, research, and not-for-profit purposes, without fee and without a signed licensing agreement, is hereby granted, provided that the above copyright notice and this paragraph appear in all copies, modifications, and distributions. For commercial license to use contact, University of Tennessee Libraries, Office of the Dean, Permissions, 1015 Volunteer Boulevard, Knoxville, TN 37996-1000.|Undergraduate Catalog|Text
g2004.xml|Catalogs, college|University of Tennessee, Knoxville|http://purl.org/dc/elements/1.1/|http://www.openarchives.org/OAI/2.0/oai_dc/|http://www.w3.org/2001/XMLSchema-instance|http://www.openarchives.org/OAI/2.0/oai_dc/ http://www.openarchives.org/OAI/2.0/oai_dc.xsd|2004-2005|University of Tennessee (Knoxville campus)|2004|Graduate catalog for the University of Tennessee, Knoxville; includes course descriptions, University requirements, degree requirements, and academic policies.|Application/pdf|http://diglib.lib.utk.edu/dlc/catalog/g2004.htm|en|University of Tennessee, Knoxville|Requires Adobe Acrobat Reader free from http://www.adobe.com/|Digital Image Copyright (c) 2004. The University of Tennessee Libraries. All Rights Reserved. Permission to use, copy, modify, and distribute these materials for educational, research, and not-for-profit purposes, without fee and without a signed licensing agreement, is hereby granted, provided that the above copyright notice and this paragraph appear in all copies, modifications, and distributions. For commercial license to use contact, University of Tennessee Libraries, Office of the Dean, Permissions, 1015 Volunteer Boulevard, Knoxville, TN 37996-1000.|Graduate Catalog|Text
u1983.xml|Catalogs, college|University of Tennessee, Knoxville|http://purl.org/dc/elements/1.1/|http://www.openarchives.org/OAI/2.0/oai_dc/|http://www.w3.org/2001/XMLSchema-instance|http://www.openarchives.org/OAI/2.0/oai_dc/ http://www.openarchives.org/OAI/2.0/oai_dc.xsd|1983-1984|University of Tennessee (Knoxville campus)|1983|Undergraduate catalog for the University of Tennessee, Knoxville; includes course descriptions, University requirements, degree requirements, and academic policies.|Application/pdf|http://diglib.lib.utk.edu/dlc/catalog/u1983.htm|en|University of Tennessee, Knoxville|Requires Adobe Acrobat Reader free from http://www.adobe.com/|Digital Image Copyright (c) 2007. The University of Tennessee Libraries. All Rights Reserved. Permission to use, copy, modify, and distribute these materials for educational, research, and not-for-profit purposes, without fee and without a signed licensing agreement, is hereby granted, provided that the above copyright notice and this paragraph appear in all copies, modifications, and distributions. For commercial license to use contact, University of Tennessee Libraries, Office of the Dean, Permissions, 1015 Volunteer Boulevard, Knoxville, TN 37996-1000.|Undergraduate Catalog|Text
u1997.xml|Catalogs, college|University of Tennessee, Knoxville|http://purl.org/dc/elements/1.1/|http://www.openarchives.org/OAI/2.0/oai_dc/|http://www.w3.org/2001/XMLSchema-instance|http://www.openarchives.org/OAI/2.0/oai_dc/ http://www.openarchives.org/OAI/2.0/oai_dc.xsd|1997-1998|University of Tennessee (Knoxville campus)|1997|Undergraduate catalog for the University of Tennessee, Knoxville; includes course descriptions, University requirements, degree requirements, and academic policies.|Application/pdf|http://diglib.lib.utk.edu/dlc/catalog/u1997.htm|en|University of Tennessee, Knoxville|Requires Adobe Acrobat Reader free from http://www.adobe.com/|Digital Image Copyright (c) 2004. The University of Tennessee Libraries. All Rights Reserved. Permission to use, copy, modify, and distribute these materials for educational, research, and not-for-profit purposes, without fee and without a signed licensing agreement, is hereby granted, provided that the above copyright notice and this paragraph appear in all copies, modifications, and distributions. For commercial license to use contact, University of Tennessee Libraries, Office of the Dean, Permissions, 1015 Volunteer Boulevard, Knoxville, TN 37996-1000.|Undergraduate Catalog|Text
u1996.xml|Catalogs, college|University of Tennessee, Knoxville|http://purl.org/dc/elements/1.1/|http://www.openarchives.org/OAI/2.0/oai_dc/|http://www.w3.org/2001/XMLSchema-instance|http://www.openarchives.org/OAI/2.0/oai_dc/ http://www.openarchives.org/OAI/2.0/oai_dc.xsd|1996-1997|University of Tennessee (Knoxville campus)|1996|Undergraduate catalog for the University of Tennessee, Knoxville; includes course descriptions, University requirements, degree requirements, and academic policies.|Application/pdf|http://diglib.lib.utk.edu/dlc/catalog/u1996.htm|en|University of Tennessee, Knoxville|Requires Adobe Acrobat Reader free from http://www.adobe.com/|Digital Image Copyright (c) 2004. The University of Tennessee Libraries. All Rights Reserved. Permission to use, copy, modify, and distribute these materials for educational, research, and not-for-profit purposes, without fee and without a signed licensing agreement, is hereby granted, provided that the above copyright notice and this paragraph appear in all copies, modifications, and distributions. For commercial license to use contact, University of Tennessee Libraries, Office of the Dean, Permissions, 1015 Volunteer Boulevard, Knoxville, TN 37996-1000.|Undergraduate Catalog|Text
u1982.xml|Catalogs, college|University of Tennessee, Knoxville|http://purl.org/dc/elements/1.1/|http://www.openarchives.org/OAI/2.0/oai_dc/|http://www.w3.org/2001/XMLSchema-instance|http://www.openarchives.org/OAI/2.0/oai_dc/ http://www.openarchives.org/OAI/2.0/oai_dc.xsd|1982-1983|University of Tennessee (Knoxville campus)|1982|Undergraduate catalog for the University of Tennessee, Knoxville; includes course descriptions, University requirements, degree requirements, and academic policies.|Application/pdf|http://diglib.lib.utk.edu/dlc/catalog/u1982.htm|en|University of Tennessee, Knoxville|Requires Adobe Acrobat Reader free from http://www.adobe.com/|Digital Image Copyright (c) 2007. The University of Tennessee Libraries. All Rights Reserved. Permission to use, copy, modify, and distribute these materials for educational, research, and not-for-profit purposes, without fee and without a signed licensing agreement, is hereby granted, provided that the above copyright notice and this paragraph appear in all copies, modifications, and distributions. For commercial license to use contact, University of Tennessee Libraries, Office of the Dean, Permissions, 1015 Volunteer Boulevard, Knoxville, TN 37996-1000.|Undergraduate Catalog|Text
g2005.xml|Catalogs, college|University of Tennessee, Knoxville|http://purl.org/dc/elements/1.1/|http://www.openarchives.org/OAI/2.0/oai_dc/|http://www.w3.org/2001/XMLSchema-instance|http://www.openarchives.org/OAI/2.0/oai_dc/ http://www.openarchives.org/OAI/2.0/oai_dc.xsd|2005-2006|University of Tennessee (Knoxville campus)|2005|Graduate catalog for the University of Tennessee, Knoxville; includes course descriptions, University requirements, degree requirements, and academic policies.|Application/pdf|http://diglib.lib.utk.edu/dlc/catalog/g2005.htm|en|University of Tennessee, Knoxville|Requires Adobe Acrobat Reader free from http://www.adobe.com/|Digital Image Copyright (c) 2005. The University of Tennessee Libraries. All Rights Reserved. Permission to use, copy, modify, and distribute these materials for educational, research, and not-for-profit purposes, without fee and without a signed licensing agreement, is hereby granted, provided that the above copyright notice and this paragraph appear in all copies, modifications, and distributions. For commercial license to use contact, University of Tennessee Libraries, Office of the Dean, Permissions, 1015 Volunteer Boulevard, Knoxville, TN 37996-1000.|Graduate Catalog|Text
g2007.xml|Catalogs, college|University of Tennessee, Knoxville|http://purl.org/dc/elements/1.1/|http://www.openarchives.org/OAI/2.0/oai_dc/|http://www.w3.org/2001/XMLSchema-instance|http://www.openarchives.org/OAI/2.0/oai_dc/ http://www.openarchives.org/OAI/2.0/oai_dc.xsd|2007-2008|University of Tennessee (Knoxville campus)|2007|Graduate catalog for the University of Tennessee, Knoxville; includes course descriptions, University requirements, degree requirements, and academic policies.|Application/pdf|http://diglib.lib.utk.edu/dlc/catalog/g2007.htm|en|University of Tennessee, Knoxville|Requires Adobe Acrobat Reader free from http://www.adobe.com/|Digital Image Copyright (c) 2007. The University of Tennessee Libraries. All Rights Reserved. Permission to use, copy, modify, and distribute these materials for educational, research, and not-for-profit purposes, without fee and without a signed licensing agreement, is hereby granted, provided that the above copyright notice and this paragraph appear in all copies, modifications, and distributions. For commercial license to use contact, University of Tennessee Libraries, Office of the Dean, Permissions, 1015 Volunteer Boulevard, Knoxville, TN 37996-1000.|Graduate Catalog|Text
u1994.xml|Catalogs, college|University of Tennessee, Knoxville|http://purl.org/dc/elements/1.1/|http://www.openarchives.org/OAI/2.0/oai_dc/|http://www.w3.org/2001/XMLSchema-instance|http://www.openarchives.org/OAI/2.0/oai_dc/ http://www.openarchives.org/OAI/2.0/oai_dc.xsd|1994-1995|University of Tennessee (Knoxville campus)|1994|Undergraduate catalog for the University of Tennessee, Knoxville; includes course descriptions, University requirements, degree requirements, and academic policies.|Application/pdf|http://diglib.lib.utk.edu/dlc/catalog/u1994.htm|en|University of Tennessee, Knoxville|Requires Adobe Acrobat Reader free from http://www.adobe.com/|Digital Image Copyright (c) 2007. The University of Tennessee Libraries. All Rights Reserved. Permission to use, copy, modify, and distribute these materials for educational, research, and not-for-profit purposes, without fee and without a signed licensing agreement, is hereby granted, provided that the above copyright notice and this paragraph appear in all copies, modifications, and distributions. For commercial license to use contact, University of Tennessee Libraries, Office of the Dean, Permissions, 1015 Volunteer Boulevard, Knoxville, TN 37996-1000.|Undergraduate Catalog|Text
u1980.xml|Catalogs, college|University of Tennessee, Knoxville|http://purl.org/dc/elements/1.1/|http://www.openarchives.org/OAI/2.0/oai_dc/|http://www.w3.org/2001/XMLSchema-instance|http://www.openarchives.org/OAI/2.0/oai_dc/ http://www.openarchives.org/OAI/2.0/oai_dc.xsd|1980-1981|University of Tennessee (Knoxville campus)|1980|Undergraduate catalog for the University of Tennessee, Knoxville; includes course descriptions, University requirements, degree requirements, and academic policies.|Application/pdf|http://diglib.lib.utk.edu/dlc/catalog/u1980.htm|en|University of Tennessee, Knoxville|Requires Adobe Acrobat Reader free from http://www.adobe.com/|Digital Image Copyright (c) 2007. The University of Tennessee Libraries. All Rights Reserved. Permission to use, copy, modify, and distribute these materials for educational, research, and not-for-profit purposes, without fee and without a signed licensing agreement, is hereby granted, provided that the above copyright notice and this paragraph appear in all copies, modifications, and distributions. For commercial license to use contact, University of Tennessee Libraries, Office of the Dean, Permissions, 1015 Volunteer Boulevard, Knoxville, TN 37996-1000.|Undergraduate Catalog|Text
u1981.xml|Catalogs, college|University of Tennessee, Knoxville|http://purl.org/dc/elements/1.1/|http://www.openarchives.org/OAI/2.0/oai_dc/|http://www.w3.org/2001/XMLSchema-instance|http://www.openarchives.org/OAI/2.0/oai_dc/ http://www.openarchives.org/OAI/2.0/oai_dc.xsd|1981-1982|University of Tennessee (Knoxville campus)|1981|Undergraduate catalog for the University of Tennessee, Knoxville; includes course descriptions, University requirements, degree requirements, and academic policies.|Application/pdf|http://diglib.lib.utk.edu/dlc/catalog/u1981.htm|en|University of Tennessee, Knoxville|Requires Adobe Acrobat Reader free from http://www.adobe.com/|Digital Image Copyright (c) 2007. The University of Tennessee Libraries. All Rights Reserved. Permission to use, copy, modify, and distribute these materials for educational, research, and not-for-profit purposes, without fee and without a signed licensing agreement, is hereby granted, provided that the above copyright notice and this paragraph appear in all copies, modifications, and distributions. For commercial license to use contact, University of Tennessee Libraries, Office of the Dean, Permissions, 1015 Volunteer Boulevard, Knoxville, TN 37996-1000.|Undergraduate Catalog|Text
u1995.xml|Catalogs, college|University of Tennessee, Knoxville|http://purl.org/dc/elements/1.1/|http://www.openarchives.org/OAI/2.0/oai_dc/|http://www.w3.org/2001/XMLSchema-instance|http://www.openarchives.org/OAI/2.0/oai_dc/ http://www.openarchives.org/OAI/2.0/oai_dc.xsd|1995-1996|University of Tennessee (Knoxville campus)|1995|Undergraduate catalog for the University of Tennessee, Knoxville; includes course descriptions, University requirements, degree requirements, and academic policies.|Application/pdf|http://diglib.lib.utk.edu/dlc/catalog/u1995.htm|en|University of Tennessee, Knoxville|Requires Adobe Acrobat Reader free from http://www.adobe.com/|Digital Image Copyright (c) 2004. The University of Tennessee Libraries. All Rights Reserved. Permission to use, copy, modify, and distribute these materials for educational, research, and not-for-profit purposes, without fee and without a signed licensing agreement, is hereby granted, provided that the above copyright notice and this paragraph appear in all copies, modifications, and distributions. For commercial license to use contact, University of Tennessee Libraries, Office of the Dean, Permissions, 1015 Volunteer Boulevard, Knoxville, TN 37996-1000.|Undergraduate Catalog|Text
g2006.xml|Catalogs, college|University of Tennessee, Knoxville|http://purl.org/dc/elements/1.1/|http://www.openarchives.org/OAI/2.0/oai_dc/|http://www.w3.org/2001/XMLSchema-instance|http://www.openarchives.org/OAI/2.0/oai_dc/ http://www.openarchives.org/OAI/2.0/oai_dc.xsd|2006-2007|University of Tennessee (Knoxville campus)|2006|Graduate catalog for the University of Tennessee, Knoxville; includes course descriptions, University requirements, degree requirements, and academic policies.|Application/pdf|http://diglib.lib.utk.edu/dlc/catalog/g2006.htm|en|University of Tennessee, Knoxville|Requires Adobe Acrobat Reader free from http://www.adobe.com/|Digital Image Copyright (c) 2006. The University of Tennessee Libraries. All Rights Reserved. Permission to use, copy, modify, and distribute these materials for educational, research, and not-for-profit purposes, without fee and without a signed licensing agreement, is hereby granted, provided that the above copyright notice and this paragraph appear in all copies, modifications, and distributions. For commercial license to use contact, University of Tennessee Libraries, Office of the Dean, Permissions, 1015 Volunteer Boulevard, Knoxville, TN 37996-1000.|Graduate Catalog|Text
u2008.xml|Catalogs, college|University of Tennessee, Knoxville|http://purl.org/dc/elements/1.1/|http://www.openarchives.org/OAI/2.0/oai_dc/|http://www.w3.org/2001/XMLSchema-instance|http://www.openarchives.org/OAI/2.0/oai_dc/ http://www.openarchives.org/OAI/2.0/oai_dc.xsd|2008-2009|University of Tennessee (Knoxville campus)|2008|Undergraduate catalog for the University of Tennessee, Knoxville; includes course descriptions, University requirements, degree requirements, and academic policies.|Application/pdf|http://diglib.lib.utk.edu/dlc/catalog/u2008.htm|en|University of Tennessee, Knoxville|Requires Adobe Acrobat Reader free from http://www.adobe.com/|Digital Image Copyright (c) 2008. The University of Tennessee Libraries. All Rights Reserved. Permission to use, copy, modify, and distribute these materials for educational, research, and not-for-profit purposes, without fee and without a signed licensing agreement, is hereby granted, provided that the above copyright notice and this paragraph appear in all copies, modifications, and distributions. For commercial license to use contact, University of Tennessee Libraries, Office of the Dean, Permissions, 1015 Volunteer Boulevard, Knoxville, TN 37996-1000.|Undergraduate Catalog|Text
g1999.xml|Catalogs, college|University of Tennessee, Knoxville|http://purl.org/dc/elements/1.1/|http://www.openarchives.org/OAI/2.0/oai_dc/|http://www.w3.org/2001/XMLSchema-instance|http://www.openarchives.org/OAI/2.0/oai_dc/ http://www.openarchives.org/OAI/2.0/oai_dc.xsd|1999-2000|University of Tennessee (Knoxville campus)|1999|Graduate catalog for the University of Tennessee, Knoxville; includes course descriptions, University requirements, degree requirements, and academic policies.|Application/pdf|http://diglib.lib.utk.edu/dlc/catalog/g1999.htm|en|University of Tennessee, Knoxville|Requires Adobe Acrobat Reader free from http://www.adobe.com/|Digital Image Copyright (c) 2004. The University of Tennessee Libraries. All Rights Reserved. Permission to use, copy, modify, and distribute these materials for educational, research, and not-for-profit purposes, without fee and without a signed licensing agreement, is hereby granted, provided that the above copyright notice and this paragraph appear in all copies, modifications, and distributions. For commercial license to use contact, University of Tennessee Libraries, Office of the Dean, Permissions, 1015 Volunteer Boulevard, Knoxville, TN 37996-1000.|Graduate Catalog|Text
g1998.xml|Catalogs, college|University of Tennessee, Knoxville|http://purl.org/dc/elements/1.1/|http://www.openarchives.org/OAI/2.0/oai_dc/|http://www.w3.org/2001/XMLSchema-instance|http://www.openarchives.org/OAI/2.0/oai_dc/ http://www.openarchives.org/OAI/2.0/oai_dc.xsd|1998-1999|University of Tennessee (Knoxville campus)|1998|Graduate catalog for the University of Tennessee, Knoxville; includes course descriptions, University requirements, degree requirements, and academic policies.|Application/pdf|http://diglib.lib.utk.edu/dlc/catalog/g1998.htm|en|University of Tennessee, Knoxville|Requires Adobe Acrobat Reader free from http://www.adobe.com/|Digital Image Copyright (c) 2004. The University of Tennessee Libraries. All Rights Reserved. Permission to use, copy, modify, and distribute these materials for educational, research, and not-for-profit purposes, without fee and without a signed licensing agreement, is hereby granted, provided that the above copyright notice and this paragraph appear in all copies, modifications, and distributions. For commercial license to use contact, University of Tennessee Libraries, Office of the Dean, Permissions, 1015 Volunteer Boulevard, Knoxville, TN 37996-1000.|Graduate Catalog|Text
g1977.xml|Catalogs, college|University of Tennessee, Knoxville|http://purl.org/dc/elements/1.1/|http://www.openarchives.org/OAI/2.0/oai_dc/|http://www.w3.org/2001/XMLSchema-instance|http://www.openarchives.org/OAI/2.0/oai_dc/ http://www.openarchives.org/OAI/2.0/oai_dc.xsd|1977-1978|University of Tennessee (Knoxville campus)|1977|Graduate catalog for the University of Tennessee, Knoxville; includes course descriptions, University requirements, degree requirements, and academic policies.|Application/pdf|http://diglib.lib.utk.edu/dlc/catalog/g1977.htm|en|University of Tennessee, Knoxville|Requires Adobe Acrobat Reader free from http://www.adobe.com/|Digital Image Copyright (c) 2007. The University of Tennessee Libraries. All Rights Reserved. Permission to use, copy, modify, and distribute these materials for educational, research, and not-for-profit purposes, without fee and without a signed licensing agreement, is hereby granted, provided that the above copyright notice and this paragraph appear in all copies, modifications, and distributions. For commercial license to use contact, University of Tennessee Libraries, Office of the Dean, Permissions, 1015 Volunteer Boulevard, Knoxville, TN 37996-1000.|Graduate Catalog|Text
g1988.xml|Catalogs, college|University of Tennessee, Knoxville|http://purl.org/dc/elements/1.1/|http://www.openarchives.org/OAI/2.0/oai_dc/|http://www.w3.org/2001/XMLSchema-instance|http://www.openarchives.org/OAI/2.0/oai_dc/ http://www.openarchives.org/OAI/2.0/oai_dc.xsd|1988-1989|University of Tennessee (Knoxville campus)|1988|Graduate catalog for the University of Tennessee, Knoxville; includes course descriptions, University requirements, degree requirements, and academic policies.|Application/pdf|http://diglib.lib.utk.edu/dlc/catalog/g1988.htm|en|University of Tennessee, Knoxville|Requires Adobe Acrobat Reader free from http://www.adobe.com/|Digital Image Copyright (c) 2007. The University of Tennessee Libraries. All Rights Reserved. Permission to use, copy, modify, and distribute these materials for educational, research, and not-for-profit purposes, without fee and without a signed licensing agreement, is hereby granted, provided that the above copyright notice and this paragraph appear in all copies, modifications, and distributions. For commercial license to use contact, University of Tennessee Libraries, Office of the Dean, Permissions, 1015 Volunteer Boulevard, Knoxville, TN 37996-1000.|Graduate Catalog|Text
g1989.xml|Catalogs, college|University of Tennessee, Knoxville|http://purl.org/dc/elements/1.1/|http://www.openarchives.org/OAI/2.0/oai_dc/|http://www.w3.org/2001/XMLSchema-instance|http://www.openarchives.org/OAI/2.0/oai_dc/ http://www.openarchives.org/OAI/2.0/oai_dc.xsd|1989-1990|University of Tennessee (Knoxville campus)|1989|Graduate catalog for the University of Tennessee, Knoxville; includes course descriptions, University requirements, degree requirements, and academic policies.|Application/pdf|http://diglib.lib.utk.edu/dlc/catalog/g1989.htm|en|University of Tennessee, Knoxville|Requires Adobe Acrobat Reader free from http://www.adobe.com/|Digital Image Copyright (c) 2007. The University of Tennessee Libraries. All Rights Reserved. Permission to use, copy, modify, and distribute these materials for educational, research, and not-for-profit purposes, without fee and without a signed licensing agreement, is hereby granted, provided that the above copyright notice and this paragraph appear in all copies, modifications, and distributions. For commercial license to use contact, University of Tennessee Libraries, Office of the Dean, Permissions, 1015 Volunteer Boulevard, Knoxville, TN 37996-1000.|Graduate Catalog|Text
g1976.xml|Catalogs, college|University of Tennessee, Knoxville|http://purl.org/dc/elements/1.1/|http://www.openarchives.org/OAI/2.0/oai_dc/|http://www.w3.org/2001/XMLSchema-instance|http://www.openarchives.org/OAI/2.0/oai_dc/ http://www.openarchives.org/OAI/2.0/oai_dc.xsd|1976-1977|University of Tennessee (Knoxville campus)|1976|Graduate catalog for the University of Tennessee, Knoxville; includes course descriptions, University requirements, degree requirements, and academic policies.|Application/pdf|http://diglib.lib.utk.edu/dlc/catalog/g1976.htm|en|University of Tennessee, Knoxville|Requires Adobe Acrobat Reader free from http://www.adobe.com/|Digital Image Copyright (c) 2007. The University of Tennessee Libraries. All Rights Reserved. Permission to use, copy, modify, and distribute these materials for educational, research, and not-for-profit purposes, without fee and without a signed licensing agreement, is hereby granted, provided that the above copyright notice and this paragraph appear in all copies, modifications, and distributions. For commercial license to use contact, University of Tennessee Libraries, Office of the Dean, Permissions, 1015 Volunteer Boulevard, Knoxville, TN 37996-1000.|Graduate Catalog|Text
g1978.xml|Catalogs, college|University of Tennessee, Knoxville|http://purl.org/dc/elements/1.1/|http://www.openarchives.org/OAI/2.0/oai_dc/|http://www.w3.org/2001/XMLSchema-instance|http://www.openarchives.org/OAI/2.0/oai_dc/ http://www.openarchives.org/OAI/2.0/oai_dc.xsd|1978-1979|University of Tennessee (Knoxville campus)|1978|Graduate catalog for the University of Tennessee, Knoxville; includes course descriptions, University requirements, degree requirements, and academic policies.|Application/pdf|http://diglib.lib.utk.edu/dlc/catalog/g1978.htm|en|University of Tennessee, Knoxville|Requires Adobe Acrobat Reader free from http://www.adobe.com/|Digital Image Copyright (c) 2007. The University of Tennessee Libraries. All Rights Reserved. Permission to use, copy, modify, and distribute these materials for educational, research, and not-for-profit purposes, without fee and without a signed licensing agreement, is hereby granted, provided that the above copyright notice and this paragraph appear in all copies, modifications, and distributions. For commercial license to use contact, University of Tennessee Libraries, Office of the Dean, Permissions, 1015 Volunteer Boulevard, Knoxville, TN 37996-1000.|Graduate Catalog|Text
g1993.xml|Catalogs, college|University of Tennessee, Knoxville|http://purl.org/dc/elements/1.1/|http://www.openarchives.org/OAI/2.0/oai_dc/|http://www.w3.org/2001/XMLSchema-instance|http://www.openarchives.org/OAI/2.0/oai_dc/ http://www.openarchives.org/OAI/2.0/oai_dc.xsd|1993-1994|University of Tennessee (Knoxville campus)|1993|Graduate catalog for the University of Tennessee, Knoxville; includes course descriptions, University requirements, degree requirements, and academic policies.|Application/pdf|http://diglib.lib.utk.edu/dlc/catalog/g1993.htm|en|University of Tennessee, Knoxville|Requires Adobe Acrobat Reader free from http://www.adobe.com/|Digital Image Copyright (c) 2007. The University of Tennessee Libraries. All Rights Reserved. Permission to use, copy, modify, and distribute these materials for educational, research, and not-for-profit purposes, without fee and without a signed licensing agreement, is hereby granted, provided that the above copyright notice and this paragraph appear in all copies, modifications, and distributions. For commercial license to use contact, University of Tennessee Libraries, Office of the Dean, Permissions, 1015 Volunteer Boulevard, Knoxville, TN 37996-1000.|Graduate Catalog|Text
u2000.xml|Catalogs, college|University of Tennessee, Knoxville|http://purl.org/dc/elements/1.1/|http://www.openarchives.org/OAI/2.0/oai_dc/|http://www.w3.org/2001/XMLSchema-instance|http://www.openarchives.org/OAI/2.0/oai_dc/ http://www.openarchives.org/OAI/2.0/oai_dc.xsd|2000-2001|University of Tennessee (Knoxville campus)|2000|Undergraduate catalog for the University of Tennessee, Knoxville; includes course descriptions, University requirements, degree requirements, and academic policies.|Application/pdf|http://diglib.lib.utk.edu/dlc/catalog/u2000.htm|en|University of Tennessee, Knoxville|Requires Adobe Acrobat Reader free from http://www.adobe.com/|Digital Image Copyright (c) 2004. The University of Tennessee Libraries. All Rights Reserved. Permission to use, copy, modify, and distribute these materials for educational, research, and not-for-profit purposes, without fee and without a signed licensing agreement, is hereby granted, provided that the above copyright notice and this paragraph appear in all copies, modifications, and distributions. For commercial license to use contact, University of Tennessee Libraries, Office of the Dean, Permissions, 1015 Volunteer Boulevard, Knoxville, TN 37996-1000.|Undergraduate Catalog|Text
u2001.xml|Catalogs, college|University of Tennessee, Knoxville|http://purl.org/dc/elements/1.1/|http://www.openarchives.org/OAI/2.0/oai_dc/|http://www.w3.org/2001/XMLSchema-instance|http://www.openarchives.org/OAI/2.0/oai_dc/ http://www.openarchives.org/OAI/2.0/oai_dc.xsd|2001-2002|University of Tennessee (Knoxville campus)|2001|Undergraduate catalog for the University of Tennessee, Knoxville; includes course descriptions, University requirements, degree requirements, and academic policies.|Application/pdf|http://diglib.lib.utk.edu/dlc/catalog/u2001.htm|en|University of Tennessee, Knoxville|Requires Adobe Acrobat Reader free from http://www.adobe.com/|Digital Image Copyright (c) 2004. The University of Tennessee Libraries. All Rights Reserved. Permission to use, copy, modify, and distribute these materials for educational, research, and not-for-profit purposes, without fee and without a signed licensing agreement, is hereby granted, provided that the above copyright notice and this paragraph appear in all copies, modifications, and distributions. For commercial license to use contact, University of Tennessee Libraries, Office of the Dean, Permissions, 1015 Volunteer Boulevard, Knoxville, TN 37996-1000.|Undergraduate Catalog|Text
g1979.xml|Catalogs, college|University of Tennessee, Knoxville|http://purl.org/dc/elements/1.1/|http://www.openarchives.org/OAI/2.0/oai_dc/|http://www.w3.org/2001/XMLSchema-instance|http://www.openarchives.org/OAI/2.0/oai_dc/ http://www.openarchives.org/OAI/2.0/oai_dc.xsd|1979-1980|University of Tennessee (Knoxville campus)|1979|Graduate catalog for the University of Tennessee, Knoxville; includes course descriptions, University requirements, degree requirements, and academic policies.|Application/pdf|http://diglib.lib.utk.edu/dlc/catalog/g1979.htm|en|University of Tennessee, Knoxville|Requires Adobe Acrobat Reader free from http://www.adobe.com/|Digital Image Copyright (c) 2007. The University of Tennessee Libraries. All Rights Reserved. Permission to use, copy, modify, and distribute these materials for educational, research, and not-for-profit purposes, without fee and without a signed licensing agreement, is hereby granted, provided that the above copyright notice and this paragraph appear in all copies, modifications, and distributions. For commercial license to use contact, University of Tennessee Libraries, Office of the Dean, Permissions, 1015 Volunteer Boulevard, Knoxville, TN 37996-1000.|Graduate Catalog|Text
g1990.xml|Catalogs, college|University of Tennessee, Knoxville|http://purl.org/dc/elements/1.1/|http://www.openarchives.org/OAI/2.0/oai_dc/|http://www.w3.org/2001/XMLSchema-instance|http://www.openarchives.org/OAI/2.0/oai_dc/ http://www.openarchives.org/OAI/2.0/oai_dc.xsd|1990-1991|University of Tennessee (Knoxville campus)|1990|Graduate catalog for the University of Tennessee, Knoxville; includes course descriptions, University requirements, degree requirements, and academic policies.|Application/pdf|http://diglib.lib.utk.edu/dlc/catalog/g1990.htm|en|University of Tennessee, Knoxville|Requires Adobe Acrobat Reader free from http://www.adobe.com/|Digital Image Copyright (c) 2007. The University of Tennessee Libraries. All Rights Reserved. Permission to use, copy, modify, and distribute these materials for educational, research, and not-for-profit purposes, without fee and without a signed licensing agreement, is hereby granted, provided that the above copyright notice and this paragraph appear in all copies, modifications, and distributions. For commercial license to use contact, University of Tennessee Libraries, Office of the Dean, Permissions, 1015 Volunteer Boulevard, Knoxville, TN 37996-1000.|Graduate Catalog|Text
g1984.xml|Catalogs, college|University of Tennessee, Knoxville|http://purl.org/dc/elements/1.1/|http://www.openarchives.org/OAI/2.0/oai_dc/|http://www.w3.org/2001/XMLSchema-instance|http://www.openarchives.org/OAI/2.0/oai_dc/ http://www.openarchives.org/OAI/2.0/oai_dc.xsd|1984-1985|University of Tennessee (Knoxville campus)|1984|Graduate catalog for the University of Tennessee, Knoxville; includes course descriptions, University requirements, degree requirements, and academic policies.|Application/pdf|http://diglib.lib.utk.edu/dlc/catalog/g1984.htm|en|University of Tennessee, Knoxville|Requires Adobe Acrobat Reader free from http://www.adobe.com/|Digital Image Copyright (c) 2007. The University of Tennessee Libraries. All Rights Reserved. Permission to use, copy, modify, and distribute these materials for educational, research, and not-for-profit purposes, without fee and without a signed licensing agreement, is hereby granted, provided that the above copyright notice and this paragraph appear in all copies, modifications, and distributions. For commercial license to use contact, University of Tennessee Libraries, Office of the Dean, Permissions, 1015 Volunteer Boulevard, Knoxville, TN 37996-1000.|Graduate Catalog|Text
u2003.xml|Catalogs, college|University of Tennessee, Knoxville|http://purl.org/dc/elements/1.1/|http://www.openarchives.org/OAI/2.0/oai_dc/|http://www.w3.org/2001/XMLSchema-instance|http://www.openarchives.org/OAI/2.0/oai_dc/ http://www.openarchives.org/OAI/2.0/oai_dc.xsd|2003-2004|University of Tennessee (Knoxville campus)|2003|Undergraduate catalog for the University of Tennessee, Knoxville; includes course descriptions, University requirements, degree requirements, and academic policies.|Application/pdf|http://diglib.lib.utk.edu/dlc/catalog/u2003.htm|en|University of Tennessee, Knoxville|Requires Adobe Acrobat Reader free from http://www.adobe.com/|Digital Image Copyright (c) 2004. The University of Tennessee Libraries. All Rights Reserved. Permission to use, copy, modify, and distribute these materials for educational, research, and not-for-profit purposes, without fee and without a signed licensing agreement, is hereby granted, provided that the above copyright notice and this paragraph appear in all copies, modifications, and distributions. For commercial license to use contact, University of Tennessee Libraries, Office of the Dean, Permissions, 1015 Volunteer Boulevard, Knoxville, TN 37996-1000.|Undergraduate Catalog|Text
u2002.xml|Catalogs, college|University of Tennessee, Knoxville|http://purl.org/dc/elements/1.1/|http://www.openarchives.org/OAI/2.0/oai_dc/|http://www.w3.org/2001/XMLSchema-instance|http://www.openarchives.org/OAI/2.0/oai_dc/ http://www.openarchives.org/OAI/2.0/oai_dc.xsd|2002-2003|University of Tennessee (Knoxville campus)|2002|Undergraduate catalog for the University of Tennessee, Knoxville; includes course descriptions, University requirements, degree requirements, and academic policies.|Application/pdf|http://diglib.lib.utk.edu/dlc/catalog/u2002.htm|en|University of Tennessee, Knoxville|Requires Adobe Acrobat Reader free from http://www.adobe.com/|Digital Image Copyright (c) 2004. The University of Tennessee Libraries. All Rights Reserved. Permission to use, copy, modify, and distribute these materials for educational, research, and not-for-profit purposes, without fee and without a signed licensing agreement, is hereby granted, provided that the above copyright notice and this paragraph appear in all copies, modifications, and distributions. For commercial license to use contact, University of Tennessee Libraries, Office of the Dean, Permissions, 1015 Volunteer Boulevard, Knoxville, TN 37996-1000.|Undergraduate Catalog|Text
g1985.xml|Catalogs, college|University of Tennessee, Knoxville|http://purl.org/dc/elements/1.1/|http://www.openarchives.org/OAI/2.0/oai_dc/|http://www.w3.org/2001/XMLSchema-instance|http://www.openarchives.org/OAI/2.0/oai_dc/ http://www.openarchives.org/OAI/2.0/oai_dc.xsd|1985-1986|University of Tennessee (Knoxville campus)|1985|Graduate catalog for the University of Tennessee, Knoxville; includes course descriptions, University requirements, degree requirements, and academic policies.|Application/pdf|http://diglib.lib.utk.edu/dlc/catalog/g1985.htm|en|University of Tennessee, Knoxville|Requires Adobe Acrobat Reader free from http://www.adobe.com/|Digital Image Copyright (c) 2007. The University of Tennessee Libraries. All Rights Reserved. Permission to use, copy, modify, and distribute these materials for educational, research, and not-for-profit purposes, without fee and without a signed licensing agreement, is hereby granted, provided that the above copyright notice and this paragraph appear in all copies, modifications, and distributions. For commercial license to use contact, University of Tennessee Libraries, Office of the Dean, Permissions, 1015 Volunteer Boulevard, Knoxville, TN 37996-1000.|Graduate Catalog|Text
g1991.xml|Catalogs, college|University of Tennessee, Knoxville|http://purl.org/dc/elements/1.1/|http://www.openarchives.org/OAI/2.0/oai_dc/|http://www.w3.org/2001/XMLSchema-instance|http://www.openarchives.org/OAI/2.0/oai_dc/ http://www.openarchives.org/OAI/2.0/oai_dc.xsd|1991-1992|University of Tennessee (Knoxville campus)|1991|Graduate catalog for the University of Tennessee, Knoxville; includes course descriptions, University requirements, degree requirements, and academic policies.|Application/pdf|http://diglib.lib.utk.edu/dlc/catalog/g1991.htm|en|University of Tennessee, Knoxville|Requires Adobe Acrobat Reader free from http://www.adobe.com/|Digital Image Copyright (c) 2007. The University of Tennessee Libraries. All Rights Reserved. Permission to use, copy, modify, and distribute these materials for educational, research, and not-for-profit purposes, without fee and without a signed licensing agreement, is hereby granted, provided that the above copyright notice and this paragraph appear in all copies, modifications, and distributions. For commercial license to use contact, University of Tennessee Libraries, Office of the Dean, Permissions, 1015 Volunteer Boulevard, Knoxville, TN 37996-1000.|Graduate Catalog|Text
g1995.xml|Catalogs, college|University of Tennessee, Knoxville|http://purl.org/dc/elements/1.1/|http://www.openarchives.org/OAI/2.0/oai_dc/|http://www.w3.org/2001/XMLSchema-instance|http://www.openarchives.org/OAI/2.0/oai_dc/ http://www.openarchives.org/OAI/2.0/oai_dc.xsd|1995-1996|University of Tennessee (Knoxville campus)|1995|Graduate catalog for the University of Tennessee, Knoxville; includes course descriptions, University requirements, degree requirements, and academic policies.|Application/pdf|http://diglib.lib.utk.edu/dlc/catalog/g1995.htm|en|University of Tennessee, Knoxville|Requires Adobe Acrobat Reader free from http://www.adobe.com/|Digital Image Copyright (c) 2004. The University of Tennessee Libraries. All Rights Reserved. Permission to use, copy, modify, and distribute these materials for educational, research, and not-for-profit purposes, without fee and without a signed licensing agreement, is hereby granted, provided that the above copyright notice and this paragraph appear in all copies, modifications, and distributions. For commercial license to use contact, University of Tennessee Libraries, Office of the Dean, Permissions, 1015 Volunteer Boulevard, Knoxville, TN 37996-1000.|Graduate Catalog|Text
g1981.xml|Catalogs, college|University of Tennessee, Knoxville|http://purl.org/dc/elements/1.1/|http://www.openarchives.org/OAI/2.0/oai_dc/|http://www.w3.org/2001/XMLSchema-instance|http://www.openarchives.org/OAI/2.0/oai_dc/ http://www.openarchives.org/OAI/2.0/oai_dc.xsd|1981-1982|University of Tennessee (Knoxville campus)|1981|Graduate catalog for the University of Tennessee, Knoxville; includes course descriptions, University requirements, degree requirements, and academic policies.|Application/pdf|http://diglib.lib.utk.edu/dlc/catalog/g1981.htm|en|University of Tennessee, Knoxville|Requires Adobe Acrobat Reader free from http://www.adobe.com/|Digital Image Copyright (c) 2007. The University of Tennessee Libraries. All Rights Reserved. Permission to use, copy, modify, and distribute these materials for educational, research, and not-for-profit purposes, without fee and without a signed licensing agreement, is hereby granted, provided that the above copyright notice and this paragraph appear in all copies, modifications, and distributions. For commercial license to use contact, University of Tennessee Libraries, Office of the Dean, Permissions, 1015 Volunteer Boulevard, Knoxville, TN 37996-1000.|Graduate Catalog|Text
g1986-87.xml|Catalogs, college|University of Tennessee, Knoxville|http://purl.org/dc/elements/1.1/|http://www.openarchives.org/OAI/2.0/oai_dc/|http://www.w3.org/2001/XMLSchema-instance|http://www.openarchives.org/OAI/2.0/oai_dc/ http://www.openarchives.org/OAI/2.0/oai_dc.xsd|1986-1987|University of Tennessee (Knoxville campus)|1986|Graduate catalog for the University of Tennessee, Knoxville; includes course descriptions, University requirements, degree requirements, and academic policies.|Application/pdf|http://diglib.lib.utk.edu/dlc/catalog/g1986-87.htm|en|University of Tennessee, Knoxville|Requires Adobe Acrobat Reader free from http://www.adobe.com/|Digital Image Copyright (c) 2007. The University of Tennessee Libraries. All Rights Reserved. Permission to use, copy, modify, and distribute these materials for educational, research, and not-for-profit purposes, without fee and without a signed licensing agreement, is hereby granted, provided that the above copyright notice and this paragraph appear in all copies, modifications, and distributions. For commercial license to use contact, University of Tennessee Libraries, Office of the Dean, Permissions, 1015 Volunteer Boulevard, Knoxville, TN 37996-1000.|Graduate Catalog|Text
u2006.xml|Catalogs, college|University of Tennessee, Knoxville|http://purl.org/dc/elements/1.1/|http://www.openarchives.org/OAI/2.0/oai_dc/|http://www.w3.org/2001/XMLSchema-instance|http://www.openarchives.org/OAI/2.0/oai_dc/ http://www.openarchives.org/OAI/2.0/oai_dc.xsd|2006-2007|University of Tennessee (Knoxville campus)|2006|Undergraduate catalog for the University of Tennessee, Knoxville; includes course descriptions, University requirements, degree requirements, and academic policies.|Application/pdf|http://diglib.lib.utk.edu/dlc/catalog/u2006.htm|en|University of Tennessee, Knoxville|Requires Adobe Acrobat Reader free from http://www.adobe.com/|Digital Image Copyright (c) 2006. The University of Tennessee Libraries. All Rights Reserved. Permission to use, copy, modify, and distribute these materials for educational, research, and not-for-profit purposes, without fee and without a signed licensing agreement, is hereby granted, provided that the above copyright notice and this paragraph appear in all copies, modifications, and distributions. For commercial license to use contact, University of Tennessee Libraries, Office of the Dean, Permissions, 1015 Volunteer Boulevard, Knoxville, TN 37996-1000.|Undergraduate Catalog|Text
u2007.xml|Catalogs, college|University of Tennessee, Knoxville|http://purl.org/dc/elements/1.1/|http://www.openarchives.org/OAI/2.0/oai_dc/|http://www.w3.org/2001/XMLSchema-instance|http://www.openarchives.org/OAI/2.0/oai_dc/ http://www.openarchives.org/OAI/2.0/oai_dc.xsd|2007-2008|University of Tennessee (Knoxville campus)|2007|Undergraduate catalog for the University of Tennessee, Knoxville; includes course descriptions, University requirements, degree requirements, and academic policies.|Application/pdf|http://diglib.lib.utk.edu/dlc/catalog/u2007.htm|en|University of Tennessee, Knoxville|Requires Adobe Acrobat Reader free from http://www.adobe.com/|Digital Image Copyright (c) 2007. The University of Tennessee Libraries. All Rights Reserved. Permission to use, copy, modify, and distribute these materials for educational, research, and not-for-profit purposes, without fee and without a signed licensing agreement, is hereby granted, provided that the above copyright notice and this paragraph appear in all copies, modifications, and distributions. For commercial license to use contact, University of Tennessee Libraries, Office of the Dean, Permissions, 1015 Volunteer Boulevard, Knoxville, TN 37996-1000.|Undergraduate Catalog|Text
g1980.xml|Catalogs, college|University of Tennessee, Knoxville|http://purl.org/dc/elements/1.1/|http://www.openarchives.org/OAI/2.0/oai_dc/|http://www.w3.org/2001/XMLSchema-instance|http://www.openarchives.org/OAI/2.0/oai_dc/ http://www.openarchives.org/OAI/2.0/oai_dc.xsd|1980-1981|University of Tennessee (Knoxville campus)|1980|Graduate catalog for the University of Tennessee, Knoxville; includes course descriptions, University requirements, degree requirements, and academic policies.|Application/pdf|http://diglib.lib.utk.edu/dlc/catalog/g1980.htm|en|University of Tennessee, Knoxville|Requires Adobe Acrobat Reader free from http://www.adobe.com/|Digital Image Copyright (c) 2007. The University of Tennessee Libraries. All Rights Reserved. Permission to use, copy, modify, and distribute these materials for educational, research, and not-for-profit purposes, without fee and without a signed licensing agreement, is hereby granted, provided that the above copyright notice and this paragraph appear in all copies, modifications, and distributions. For commercial license to use contact, University of Tennessee Libraries, Office of the Dean, Permissions, 1015 Volunteer Boulevard, Knoxville, TN 37996-1000.|Graduate Catalog|Text
g1994.xml|Catalogs, college|University of Tennessee, Knoxville|http://purl.org/dc/elements/1.1/|http://www.openarchives.org/OAI/2.0/oai_dc/|http://www.w3.org/2001/XMLSchema-instance|http://www.openarchives.org/OAI/2.0/oai_dc/ http://www.openarchives.org/OAI/2.0/oai_dc.xsd|1994-1995|University of Tennessee (Knoxville campus)|1994|Graduate catalog for the University of Tennessee, Knoxville; includes course descriptions, University requirements, degree requirements, and academic policies.|Application/pdf|http://diglib.lib.utk.edu/dlc/catalog/g1994.htm|en|University of Tennessee, Knoxville|Requires Adobe Acrobat Reader free from http://www.adobe.com/|Digital Image Copyright (c) 2007. The University of Tennessee Libraries. All Rights Reserved. Permission to use, copy, modify, and distribute these materials for educational, research, and not-for-profit purposes, without fee and without a signed licensing agreement, is hereby granted, provided that the above copyright notice and this paragraph appear in all copies, modifications, and distributions. For commercial license to use contact, University of Tennessee Libraries, Office of the Dean, Permissions, 1015 Volunteer Boulevard, Knoxville, TN 37996-1000.|Graduate Catalog|Text
g1982.xml|Catalogs, college|University of Tennessee, Knoxville|http://purl.org/dc/elements/1.1/|http://www.openarchives.org/OAI/2.0/oai_dc/|http://www.w3.org/2001/XMLSchema-instance|http://www.openarchives.org/OAI/2.0/oai_dc/ http://www.openarchives.org/OAI/2.0/oai_dc.xsd|1982-1983|University of Tennessee (Knoxville campus)|1982|Graduate catalog for the University of Tennessee, Knoxville; includes course descriptions, University requirements, degree requirements, and academic policies.|Application/pdf|http://diglib.lib.utk.edu/dlc/catalog/g1982.htm|en|University of Tennessee, Knoxville|Requires Adobe Acrobat Reader free from http://www.adobe.com/|Digital Image Copyright (c) 2007. The University of Tennessee Libraries. All Rights Reserved. Permission to use, copy, modify, and distribute these materials for educational, research, and not-for-profit purposes, without fee and without a signed licensing agreement, is hereby granted, provided that the above copyright notice and this paragraph appear in all copies, modifications, and distributions. For commercial license to use contact, University of Tennessee Libraries, Office of the Dean, Permissions, 1015 Volunteer Boulevard, Knoxville, TN 37996-1000.|Graduate Catalog|Text
g1996.xml|Catalogs, college|University of Tennessee, Knoxville|http://purl.org/dc/elements/1.1/|http://www.openarchives.org/OAI/2.0/oai_dc/|http://www.w3.org/2001/XMLSchema-instance|http://www.openarchives.org/OAI/2.0/oai_dc/ http://www.openarchives.org/OAI/2.0/oai_dc.xsd|1996-1997|University of Tennessee (Knoxville campus)|1996|Graduate catalog for the University of Tennessee, Knoxville; includes course descriptions, University requirements, degree requirements, and academic policies.|Application/pdf|http://diglib.lib.utk.edu/dlc/catalog/g1996.htm|en|University of Tennessee, Knoxville|Requires Adobe Acrobat Reader free from http://www.adobe.com/|Digital Image Copyright (c) 2004. The University of Tennessee Libraries. All Rights Reserved. Permission to use, copy, modify, and distribute these materials for educational, research, and not-for-profit purposes, without fee and without a signed licensing agreement, is hereby granted, provided that the above copyright notice and this paragraph appear in all copies, modifications, and distributions. For commercial license to use contact, University of Tennessee Libraries, Office of the Dean, Permissions, 1015 Volunteer Boulevard, Knoxville, TN 37996-1000.|Graduate Catalog|Text
u2005.xml|Catalogs, college|University of Tennessee, Knoxville|http://purl.org/dc/elements/1.1/|http://www.openarchives.org/OAI/2.0/oai_dc/|http://www.w3.org/2001/XMLSchema-instance|http://www.openarchives.org/OAI/2.0/oai_dc/ http://www.openarchives.org/OAI/2.0/oai_dc.xsd|2005-2006|University of Tennessee (Knoxville campus)|2005|Undergraduate catalog for the University of Tennessee, Knoxville; includes course descriptions, University requirements, degree requirements, and academic policies.|Application/pdf|http://diglib.lib.utk.edu/dlc/catalog/u2005.htm|en|University of Tennessee, Knoxville|Requires Adobe Acrobat Reader free from http://www.adobe.com/|Digital Image Copyright (c) 2005. The University of Tennessee Libraries. All Rights Reserved. Permission to use, copy, modify, and distribute these materials for educational, research, and not-for-profit purposes, without fee and without a signed licensing agreement, is hereby granted, provided that the above copyright notice and this paragraph appear in all copies, modifications, and distributions. For commercial license to use contact, University of Tennessee Libraries, Office of the Dean, Permissions, 1015 Volunteer Boulevard, Knoxville, TN 37996-1000.|Undergraduate Catalog|Text
u2004.xml|Catalogs, college|University of Tennessee, Knoxville|http://purl.org/dc/elements/1.1/|http://www.openarchives.org/OAI/2.0/oai_dc/|http://www.w3.org/2001/XMLSchema-instance|http://www.openarchives.org/OAI/2.0/oai_dc/ http://www.openarchives.org/OAI/2.0/oai_dc.xsd|2004-2005|University of Tennessee (Knoxville campus)|2004|Undergraduate catalog for the University of Tennessee, Knoxville; includes course descriptions, University requirements, degree requirements, and academic policies.|Application/pdf|http://diglib.lib.utk.edu/dlc/catalog/u2004.htm|en|University of Tennessee, Knoxville|Requires Adobe Acrobat Reader free from http://www.adobe.com/|Digital Image Copyright (c) 2004. The University of Tennessee Libraries. All Rights Reserved. Permission to use, copy, modify, and distribute these materials for educational, research, and not-for-profit purposes, without fee and without a signed licensing agreement, is hereby granted, provided that the above copyright notice and this paragraph appear in all copies, modifications, and distributions. For commercial license to use contact, University of Tennessee Libraries, Office of the Dean, Permissions, 1015 Volunteer Boulevard, Knoxville, TN 37996-1000.|Undergraduate Catalog|Text
g1997.xml|Catalogs, college|University of Tennessee, Knoxville|http://purl.org/dc/elements/1.1/|http://www.openarchives.org/OAI/2.0/oai_dc/|http://www.w3.org/2001/XMLSchema-instance|http://www.openarchives.org/OAI/2.0/oai_dc/ http://www.openarchives.org/OAI/2.0/oai_dc.xsd|1997-1998|University of Tennessee (Knoxville campus)|1997|Graduate catalog for the University of Tennessee, Knoxville; includes course descriptions, University requirements, degree requirements, and academic policies.|Application/pdf|http://diglib.lib.utk.edu/dlc/catalog/g1997.htm|en|University of Tennessee, Knoxville|Requires Adobe Acrobat Reader free from http://www.adobe.com/|Digital Image Copyright (c) 2004. The University of Tennessee Libraries. All Rights Reserved. Permission to use, copy, modify, and distribute these materials for educational, research, and not-for-profit purposes, without fee and without a signed licensing agreement, is hereby granted, provided that the above copyright notice and this paragraph appear in all copies, modifications, and distributions. For commercial license to use contact, University of Tennessee Libraries, Office of the Dean, Permissions, 1015 Volunteer Boulevard, Knoxville, TN 37996-1000.|Graduate Catalog|Text
g1983.xml|Catalogs, college|University of Tennessee, Knoxville|http://purl.org/dc/elements/1.1/|http://www.openarchives.org/OAI/2.0/oai_dc/|http://www.w3.org/2001/XMLSchema-instance|http://www.openarchives.org/OAI/2.0/oai_dc/ http://www.openarchives.org/OAI/2.0/oai_dc.xsd|1983-1984|University of Tennessee (Knoxville campus)|1983|Graduate catalog for the University of Tennessee, Knoxville; includes course descriptions, University requirements, degree requirements, and academic policies.|Application/pdf|http://diglib.lib.utk.edu/dlc/catalog/g1983.htm|en|University of Tennessee, Knoxville|Requires Adobe Acrobat Reader free from http://www.adobe.com/|Digital Image Copyright (c) 2007. The University of Tennessee Libraries. All Rights Reserved. Permission to use, copy, modify, and distribute these materials for educational, research, and not-for-profit purposes, without fee and without a signed licensing agreement, is hereby granted, provided that the above copyright notice and this paragraph appear in all copies, modifications, and distributions. For commercial license to use contact, University of Tennessee Libraries, Office of the Dean, Permissions, 1015 Volunteer Boulevard, Knoxville, TN 37996-1000.|Graduate Catalog|Text
u1998.xml|Catalogs, college|University of Tennessee, Knoxville|http://purl.org/dc/elements/1.1/|http://www.openarchives.org/OAI/2.0/oai_dc/|http://www.w3.org/2001/XMLSchema-instance|http://www.openarchives.org/OAI/2.0/oai_dc/ http://www.openarchives.org/OAI/2.0/oai_dc.xsd|1998-1999|University of Tennessee (Knoxville campus)|1998|Undergraduate catalog for the University of Tennessee, Knoxville; includes course descriptions, University requirements, degree requirements, and academic policies.|Application/pdf|http://diglib.lib.utk.edu/dlc/catalog/u1998.htm|en|University of Tennessee, Knoxville|Requires Adobe Acrobat Reader free from http://www.adobe.com/|Digital Image Copyright (c) 2004. The University of Tennessee Libraries. All Rights Reserved. Permission to use, copy, modify, and distribute these materials for educational, research, and not-for-profit purposes, without fee and without a signed licensing agreement, is hereby granted, provided that the above copyright notice and this paragraph appear in all copies, modifications, and distributions. For commercial license to use contact, University of Tennessee Libraries, Office of the Dean, Permissions, 1015 Volunteer Boulevard, Knoxville, TN 37996-1000.|Undergraduate Catalog|Text
u1999.xml|Catalogs, college|University of Tennessee, Knoxville|http://purl.org/dc/elements/1.1/|http://www.openarchives.org/OAI/2.0/oai_dc/|http://www.w3.org/2001/XMLSchema-instance|http://www.openarchives.org/OAI/2.0/oai_dc/ http://www.openarchives.org/OAI/2.0/oai_dc.xsd|1999-2000|University of Tennessee (Knoxville campus)|1999|Undergraduate catalog for the University of Tennessee, Knoxville; includes course descriptions, University requirements, degree requirements, and academic policies.|Application/pdf|http://diglib.lib.utk.edu/dlc/catalog/u1999.htm|en|University of Tennessee, Knoxville|Requires Adobe Acrobat Reader free from http://www.adobe.com/|Digital Image Copyright (c) 2004. The University of Tennessee Libraries. All Rights Reserved. Permission to use, copy, modify, and distribute these materials for educational, research, and not-for-profit purposes, without fee and without a signed licensing agreement, is hereby granted, provided that the above copyright notice and this paragraph appear in all copies, modifications, and distributions. For commercial license to use contact, University of Tennessee Libraries, Office of the Dean, Permissions, 1015 Volunteer Boulevard, Knoxville, TN 37996-1000.|Undergraduate Catalog|Text
g2008.xml|Catalogs, college|University of Tennessee, Knoxville|http://purl.org/dc/elements/1.1/|http://www.openarchives.org/OAI/2.0/oai_dc/|http://www.w3.org/2001/XMLSchema-instance|http://www.openarchives.org/OAI/2.0/oai_dc/ http://www.openarchives.org/OAI/2.0/oai_dc.xsd|2008-2009|University of Tennessee (Knoxville campus)|2008|Graduate catalog for the University of Tennessee, Knoxville; includes course descriptions, University requirements, degree requirements, and academic policies.|Application/pdf|http://diglib.lib.utk.edu/dlc/catalog/g2008.htm|en|University of Tennessee, Knoxville|Requires Adobe Acrobat Reader free from http://www.adobe.com/|Digital Image Copyright (c) 2008. The University of Tennessee Libraries. All Rights Reserved. Permission to use, copy, modify, and distribute these materials for educational, research, and not-for-profit purposes, without fee and without a signed licensing agreement, is hereby granted, provided that the above copyright notice and this paragraph appear in all copies, modifications, and distributions. For commercial license to use contact, University of Tennessee Libraries, Office of the Dean, Permissions, 1015 Volunteer Boulevard, Knoxville, TN 37996-1000.|Graduate Catalog|Text
u1975.xml|Catalogs, college|University of Tennessee, Knoxville|http://purl.org/dc/elements/1.1/|http://www.openarchives.org/OAI/2.0/oai_dc/|http://www.w3.org/2001/XMLSchema-instance|http://www.openarchives.org/OAI/2.0/oai_dc/ http://www.openarchives.org/OAI/2.0/oai_dc.xsd|1975-1976|University of Tennessee (Knoxville campus)|1975|Undergraduate catalog for the University of Tennessee, Knoxville; includes course descriptions, University requirements, degree requirements, and academic policies.|Application/pdf|http://diglib.lib.utk.edu/dlc/catalog/u1975.htm|en|University of Tennessee, Knoxville|Requires Adobe Acrobat Reader free from http://www.adobe.com/|Digital Image Copyright (c) 2007. The University of Tennessee Libraries. All Rights Reserved. Permission to use, copy, modify, and distribute these materials for educational, research, and not-for-profit purposes, without fee and without a signed licensing agreement, is hereby granted, provided that the above copyright notice and this paragraph appear in all copies, modifications, and distributions. For commercial license to use contact, University of Tennessee Libraries, Office of the Dean, Permissions, 1015 Volunteer Boulevard, Knoxville, TN 37996-1000.|Undergraduate Catalog|Text
u1976.xml|Catalogs, college|University of Tennessee, Knoxville|http://purl.org/dc/elements/1.1/|http://www.openarchives.org/OAI/2.0/oai_dc/|http://www.w3.org/2001/XMLSchema-instance|http://www.openarchives.org/OAI/2.0/oai_dc/ http://www.openarchives.org/OAI/2.0/oai_dc.xsd|1976-1977|University of Tennessee (Knoxville campus)|1976|Undergraduate catalog for the University of Tennessee, Knoxville; includes course descriptions, University requirements, degree requirements, and academic policies.|Application/pdf|http://diglib.lib.utk.edu/dlc/catalog/u1976.htm|en|University of Tennessee, Knoxville|Requires Adobe Acrobat Reader free from http://www.adobe.com/|Digital Image Copyright (c) 2007. The University of Tennessee Libraries. All Rights Reserved. Permission to use, copy, modify, and distribute these materials for educational, research, and not-for-profit purposes, without fee and without a signed licensing agreement, is hereby granted, provided that the above copyright notice and this paragraph appear in all copies, modifications, and distributions. For commercial license to use contact, University of Tennessee Libraries, Office of the Dean, Permissions, 1015 Volunteer Boulevard, Knoxville, TN 37996-1000.|Undergraduate Catalog|Text
u1989.xml|Catalogs, college|University of Tennessee, Knoxville|http://purl.org/dc/elements/1.1/|http://www.openarchives.org/OAI/2.0/oai_dc/|http://www.w3.org/2001/XMLSchema-instance|http://www.openarchives.org/OAI/2.0/oai_dc/ http://www.openarchives.org/OAI/2.0/oai_dc.xsd|1989-1990|University of Tennessee (Knoxville campus)|1989|Undergraduate catalog for the University of Tennessee, Knoxville; includes course descriptions, University requirements, degree requirements, and academic policies.|Application/pdf|http://diglib.lib.utk.edu/dlc/catalog/u1989.htm|en|University of Tennessee, Knoxville|Requires Adobe Acrobat Reader free from http://www.adobe.com/|Digital Image Copyright (c) 2008. The University of Tennessee Libraries. All Rights Reserved. Permission to use, copy, modify, and distribute these materials for educational, research, and not-for-profit purposes, without fee and without a signed licensing agreement, is hereby granted, provided that the above copyright notice and this paragraph appear in all copies, modifications, and distributions. For commercial license to use contact, University of Tennessee Libraries, Office of the Dean, Permissions, 1015 Volunteer Boulevard, Knoxville, TN 37996-1000.|Undergraduate Catalog|Text
u1988.xml|Catalogs, college|University of Tennessee, Knoxville|http://purl.org/dc/elements/1.1/|http://www.openarchives.org/OAI/2.0/oai_dc/|http://www.w3.org/2001/XMLSchema-instance|http://www.openarchives.org/OAI/2.0/oai_dc/ http://www.openarchives.org/OAI/2.0/oai_dc.xsd|1988-1989|University of Tennessee (Knoxville campus)|1988|Undergraduate catalog for the University of Tennessee, Knoxville; includes course descriptions, University requirements, degree requirements, and academic policies.|Application/pdf|http://diglib.lib.utk.edu/dlc/catalog/u1988.htm|en|University of Tennessee, Knoxville|Requires Adobe Acrobat Reader free from http://www.adobe.com/|Digital Image Copyright (c) 2008. The University of Tennessee Libraries. All Rights Reserved. Permission to use, copy, modify, and distribute these materials for educational, research, and not-for-profit purposes, without fee and without a signed licensing agreement, is hereby granted, provided that the above copyright notice and this paragraph appear in all copies, modifications, and distributions. For commercial license to use contact, University of Tennessee Libraries, Office of the Dean, Permissions, 1015 Volunteer Boulevard, Knoxville, TN 37996-1000.|Undergraduate Catalog|Text
u1977.xml|Catalogs, college|University of Tennessee, Knoxville|http://purl.org/dc/elements/1.1/|http://www.openarchives.org/OAI/2.0/oai_dc/|http://www.w3.org/2001/XMLSchema-instance|http://www.openarchives.org/OAI/2.0/oai_dc/ http://www.openarchives.org/OAI/2.0/oai_dc.xsd|1977-1978|University of Tennessee (Knoxville campus)|1977|Undergraduate catalog for the University of Tennessee, Knoxville; includes course descriptions, University requirements, degree requirements, and academic policies.|Application/pdf|http://diglib.lib.utk.edu/dlc/catalog/u1977.htm|en|University of Tennessee, Knoxville|Requires Adobe Acrobat Reader free from http://www.adobe.com/|Digital Image Copyright (c) 2007. The University of Tennessee Libraries. All Rights Reserved. Permission to use, copy, modify, and distribute these materials for educational, research, and not-for-profit purposes, without fee and without a signed licensing agreement, is hereby granted, provided that the above copyright notice and this paragraph appear in all copies, modifications, and distributions. For commercial license to use contact, University of Tennessee Libraries, Office of the Dean, Permissions, 1015 Volunteer Boulevard, Knoxville, TN 37996-1000.|Undergraduate Catalog|Text
